{"completion_time": 2842.928864986108, "distance_traveled": 1000.0, "max_velocity": 0.3618251324044034, "average_velocity": 0.35154526979533346, "battery_energy": 570211.7903710519, "batt_energy_per_distance": 570.2117903710518}